date,id,evap,relHum,solarRad,tempMax,tempMin,winSpeed
1/1/1980,1,2.3524212288531,78.5,10.7745142619028,27.8,20.5,0
2/1/1980,1,2.21278972507722,82,10.6113299229013,24.3,17.9,0
3/1/1980,1,4.76450889854045,63.75,23.073547203378,29.4,16.6,0.99999975
4/1/1980,1,3.79605656985871,69,18.7547485791362,29.6,19.2,0.24999975
5/1/1980,1,4.71158791316591,71.25,24.1852040416796,28.5,17.3,0.75
6/1/1980,1,5.45842851730526,68.25,30.414993526011,29.4,15.6,0.24999975
7/1/1980,1,4.98701790174472,74.5,24.6557272058289,29.8,17.2,1.25000025
8/1/1980,1,2.8905316012477,74,11.3820671444557,28.9,19.2,0.99999975
9/1/1980,1,3.74584300566689,74.25,18.4099412629601,29.9,18.9,0.24999975
10/1/1980,1,2.63414877202178,73.25,11.5292055527006,30,20.2,0.24999975
11/1/1980,1,2.31259520617345,87.5,10.5629950417605,26.1,20,0.24999975
12/1/1980,1,2.23562474423656,85.25,10.5555596429183,24.2,19.6,0
13/1/1980,1,2.20615581930083,86.5,10.5476932104659,23.4,18.9,0
14/1/1980,1,2.92840300291686,75,13.8964232532295,28.7,17.8,0.24999975
15/1/1980,1,2.74378030920794,82.75,12.28901031258,26.8,20.6,0.75
16/1/1980,1,NaN,NaN,NaN,0,NaN,NaN
17/1/1980,1,2.19740269023826,87.5,10.51180835841,23.9,18.3,0
18/1/1980,1,2.49572443230404,83,10.6615181161539,27.8,19.6,0.75
19/1/1980,1,3.58295959759856,81.25,17.2025518172572,31.3,20.6,0
20/1/1980,1,3.88092421592048,81.5,17.829714696285,31.9,21.6,0.50000025
21/1/1980,1,3.52525681137493,86.25,16.8585686640108,31,20.2,0
22/1/1980,1,3.94465136734495,80.75,18.2829414043461,31.3,20,0.75
23/1/1980,1,3.22697335179901,81.75,14.5960330844071,29.9,19.2,0.75
24/1/1980,1,3.49182812476481,82,16.3383242335081,31.7,20.1,0.24999975
25/1/1980,1,3.094900104936,84,13.6099297855087,29.7,20.5,0.99999975
26/1/1980,1,3.15862844735729,79.25,14.3929215050928,31.5,20.8,0.24999975
27/1/1980,1,3.91737128203683,83,19.0033731522914,30.4,21.6,0
28/1/1980,1,4.48030612612281,78.25,20.4207353410665,31.8,21.9,0.99999975
29/1/1980,1,3.41598315724946,81,14.6627326335209,28.6,20.6,1.74999975
30/1/1980,1,3.94144379374863,80.25,18.7880709291924,29.3,17.4,1.25000025
31/1/1980,1,3.66726445927935,76,18.6086044888328,30.2,18.7,0
01/02/1980,1,4.48641763212644,78.75,20.9758081337918,31.6,20.1,0.99999975
02/02/1980,1,2.28189776192472,81.75,10.2911200514031,28.6,21.2,0
03/02/1980,1,5.3885744513755,75.5,26.3365789896155,32,20.7,0.75
04/02/1980,1,6.02318393632294,64.75,29.3288756539595,31.3,19.9,1.25000025
05/02/1980,1,5.5505194831987,72.25,28.1859850819203,31.6,18.4,0.75
06/02/1980,1,5.37083423698272,71.5,27.9957670543923,32.9,17.5,0.24999975
07/02/1980,1,5.84496195909983,69.75,28.5977258939294,33.8,19.3,0.75
08/02/1980,1,5.88518301056651,72,28.0877194191299,33.5,20.6,0.99999975
09/02/1980,1,4.61700816034348,71.25,21.8742476244087,31.3,20.9,0.75
10/02/1980,1,3.34815303658232,70,14.0866324749199,31.1,20.4,0.75
11/02/1980,1,4.46108058086811,76.5,21.0189651628895,30.7,18.6,1.25000025
12/02/1980,1,5.81192412600145,71,26.8319173020282,34.9,17.9,1.25000025
13/02/1980,1,NaN,NaN,NaN,0,NaN,NaN
14/02/1980,1,3.4019335153049,77.5,14.2927642425999,27.2,19.5,2.00000025
15/02/1980,1,3.1458798063106,77,15.0508401330799,28.2,18.5,0.50000025
16/02/1980,1,2.29698199786598,79.5,9.9841449273854,29.6,19.9,0.24999975
17/02/1980,1,2.85235236667283,81,14.2016264415183,28.2,18.6,0
18/02/1980,1,2.46076217179826,76,10.0879586374874,27.3,19.6,0.75
19/02/1980,1,3.60702103046741,78,17.8998166018367,27.9,20,0.50000025
20/02/1980,1,4.02549815105252,73,19.4271311374896,31.3,19.6,0.50000025
21/02/1980,1,4.07031110190641,76.25,18.6035863255828,31.6,19.5,0.99999975
22/02/1980,1,3.39458929325784,78.25,14.3458749865695,30.3,21.3,1.25000025
23/02/1980,1,4.2419071391745,77,19.7665203043265,32.4,20.6,0.75
24/02/1980,1,4.2356317752728,78.25,22.0559995085356,30.6,19.2,0
25/02/1980,1,4.18434579991061,78,19.8293863109588,31.4,20.9,0.75
26/02/1980,1,4.44878097508324,77.25,21.1777240082077,31.6,19.6,0.99999975
27/02/1980,1,4.98928697482328,74,22.8299649209391,32.7,21.6,1.25000025
28/02/1980,1,4.9698764108112,75.5,24.3203202556914,32.4,20.3,0.75
29/02/1980,1,5.38043873626799,74,27.1928827177041,32.3,20.9,0.50000025
01/03/1980,1,4.3869131472414,79,21.4255060517493,31.8,19.3,0.75
02/03/1980,1,4.15654907943688,75,20.9066818265908,31.2,20.6,0.24999975
03/03/1980,1,4.3309233143237,73.5,22.0764494563767,31.9,19.6,0.24999975
04/03/1980,1,4.08931099161062,71.75,19.7178581694715,31.8,17.1,0.75
05/03/1980,1,4.47499147068026,75.75,22.2576156038396,30.3,18.9,0.99999975
06/03/1980,1,4.98047042900223,74,25.3947065852844,31.8,18.5,0.75
07/03/1980,1,5.0718881341367,73.25,25.6256737897675,31.7,18,0.99999975
08/03/1980,1,5.1134599180948,71.25,26.6126504532908,33.2,17.5,0.50000025
09/03/1980,1,5.35347706800668,67.5,26.533253199686,32.7,18.7,0.99999975
10/03/1980,1,4.96400232068797,67.5,24.0357667079669,32.6,18.6,0.99999975
11/03/1980,1,4.33533338588862,71.75,20.645017760527,31.3,19.4,0.99999975
12/03/1980,1,3.52238848163997,73,13.3630244141054,29.5,19.3,2.00000025
13/03/1980,1,2.35060700152219,79.25,9.11547949482305,28.7,20.6,0.99999975
14/03/1980,1,3.39763436650515,77.25,15.2032435817121,32.5,19.8,0.75
15/03/1980,1,3.5277852294144,76,16.6359777640192,30.3,20.4,0.75
16/03/1980,1,4.19426853301634,74,21.1808269856457,31.9,21.6,0.24999975
17/03/1980,1,3.89408765634652,77,20.5110925888745,30.8,18.2,0.24999975
18/03/1980,1,3.82080516711948,77,18.6616827922101,31.7,17.7,0.75
19/03/1980,1,4.06069301872384,73.5,19.9157189754532,30.9,20.3,0.75
20/03/1980,1,4.40273369375952,77.25,23.2168983535396,31.5,17.8,0.50000025
21/03/1980,1,4.76940212908229,76.75,24.8855072602945,32.8,16.3,0.75
22/03/1980,1,4.74146331060687,76,24.4986747274317,32.6,17.6,0.75
23/03/1980,1,4.53033496212077,76,24.2581062646575,33.3,19.2,0
24/03/1980,1,4.48940214993759,72.25,22.4226149839304,32.8,18.9,0.75
25/03/1980,1,4.46609990523747,74.25,23.9212627258461,32.4,16.5,0.50000025
26/03/1980,1,4.27088212096352,72.75,24.1121190021204,31.5,15.8,0.24999975
27/03/1980,1,4.32709373498856,71.25,23.5825442210251,33.5,16.6,0.24999975
28/03/1980,1,4.40456983241345,71,22.7691310658513,33.2,15,0.75
29/03/1980,1,3.90533679683691,70.5,21.6750518847803,34.6,16.6,0
30/03/1980,1,2.65259484344426,73.5,12.9214684386034,30.9,18.6,0.24999975
31/03/1980,1,3.47536055485261,80,17.102077539134,28.6,17.5,1.5
01/04/1980,1,3.46949521920749,75.25,18.4324191460088,29.9,16.9,0.50000025
02/04/1980,1,2.53033210538649,79.25,12.7328223318645,29.6,17.2,0.24999975
03/04/1980,1,1.76760340399653,83.25,8.47422575229478,26.3,19,0
04/04/1980,1,2.0390609776557,82.75,8.70539818680663,27.2,20.6,0.75
05/04/1980,1,1.67696209783455,84,8.10180238919281,25.4,18,0
06/04/1980,1,1.70953063584614,79.75,8.19352177734822,25.7,19.6,0
07/04/1980,1,2.59799592879252,81.25,12.8263259083117,27.8,20.4,0.50000025
08/04/1980,1,2.47930259753042,77.75,10.9781559424907,28.6,21.3,0.75
09/04/1980,1,2.92246471843757,81,14.6054854698004,31.2,20.6,0.24999975
10/04/1980,1,2.31435185406737,85.5,10.4524888348312,29.7,20.2,0.75
11/04/1980,1,2.35622446632123,83.75,12.4262337117759,27.5,19.3,0
12/04/1980,1,3.06692142623691,78,15.5964627190344,31.6,20.6,0.24999975
13/04/1980,1,2.00408531740257,83.5,8.93829824086835,28.7,20.3,0.50000025
14/04/1980,1,2.94456126332615,79,15.0367413347793,29.5,19.9,0.50000025
15/04/1980,1,2.54314007810648,77.75,11.8974405489912,28.2,20.5,0.75
16/04/1980,1,1.79156281682759,86,7.59162384558991,25.9,19.8,0.99999975
17/04/1980,1,1.72323203823402,80.5,8.07372693022649,25.7,19.1,0.24999975
18/04/1980,1,2.36069733559646,83,11.442311386316,26.8,18.2,0.99999975
19/04/1980,1,3.38729676667731,75.5,20.2762531818224,27.8,17.9,0.24999975
20/04/1980,1,2.85535465046042,80,15.7462363572042,28.5,16.6,0.50000025
21/04/1980,1,2.68534669519021,81.5,15.0163422965798,29.4,15.8,0.24999975
22/04/1980,1,3.37240406603868,81.75,19.8446146241725,28.6,14.6,0.75
23/04/1980,1,3.49620574367377,78.5,20.6450234561541,27.3,15.9,0.99999975
24/04/1980,1,2.75676514161432,76.5,16.8305454270744,27.7,14.1,0.24999975
25/04/1980,1,3.02554192876004,79.5,16.6171298868672,27.1,15.2,1.25000025
26/04/1980,1,3.42693077643368,72.5,20.3380421558586,27.5,13.5,0.99999975
27/04/1980,1,2.7445770144929,73.25,16.3216474336057,28.3,16.2,0.24999975
28/04/1980,1,2.39803611828393,79.25,14.2265986784631,26.5,15.3,0.24999975
29/04/1980,1,2.38706823771566,82.25,13.0262394263824,27.6,16.6,0.50000025
30/04/1980,1,2.85647540802751,80.25,17.1962245707678,28.6,15.8,0.24999975
01/05/1980,1,2.67552227121558,76.75,16.9862806745167,29.5,14.3,0
02/05/1980,1,1.74571067222667,80.25,9.48793594544906,28.6,15.5,0
03/05/1980,1,1.82616125491707,81.5,9.80550297469972,26.5,19.5,0
04/05/1980,1,2.26012049792225,81,13.0605632142922,27.7,18.5,0
05/05/1980,1,2.82839811300962,80.5,17.5078095515828,28.3,15.6,0.24999975
06/05/1980,1,2.69970090003812,80.25,16.694778921705,27.6,16,0.24999975
07/05/1980,1,2.3816859568579,79.5,14.4375954743859,28.5,13.6,0.24999975
08/05/1980,1,2.53826755812498,80.75,14.9699287906293,28.3,14.2,0.50000025
09/05/1980,1,2.41371200925498,81.25,13.4592236986507,27.4,15.3,0.75
10/05/1980,1,2.42044027691688,79.5,13.2754178918152,26.6,13.9,0.99999975
11/05/1980,1,2.62412681050903,79.5,16.6627708105011,28.3,14.4,0.24999975
12/05/1980,1,2.31117260961126,77.75,11.9659171419684,28.5,15.3,0.75
13/05/1980,1,2.33884615904519,79.5,13.5623476515549,26.8,16.9,0.50000025
14/05/1980,1,2.38919514863147,81.25,13.7361548154577,27.2,14.7,0.75
15/05/1980,1,2.19734240887084,80.5,14.143590678774,26.6,12.9,0.24999975
16/05/1980,1,2.75919588860662,71.75,18.2822376839695,28.4,15.6,0.24999975
17/05/1980,1,2.47986694393214,74,17.0440165570041,29.5,13.9,0
18/05/1980,1,1.72751699505089,76,10.25693928845,27.6,16.2,0
19/05/1980,1,2.10692038607444,81.75,12.5207025105437,28.3,15.1,0.24999975
20/05/1980,1,1.97266893547984,80,11.4345624450508,27.4,16.4,0.24999975
21/05/1980,1,1.94153658307242,81.25,12.5342093246421,26.7,14.6,0
22/05/1980,1,2.72666251845867,79.25,15.6832254284249,27.7,13.2,1.25000025
23/05/1980,1,1.55867735188414,77.25,6.51820146603829,24.9,15.9,0.75
24/05/1980,1,1.72105729941769,77,9.89519693778123,25.4,16.2,0.24999975
25/05/1980,1,2.03557355558615,80.25,12.686267034545,27.2,14.5,0.24999975
26/05/1980,1,2.32411909676003,80.25,14.8975534549657,27.9,15.4,0.24999975
27/05/1980,1,2.31877366548718,78.75,16.3099868796782,26.4,12.8,0.24999975
28/05/1980,1,1.72600333168378,74.25,11.8851998822768,27.5,11.5,0
29/05/1980,1,1.62926746381882,79.25,8.60454012482994,25.3,14.4,0.50000025
30/05/1980,1,2.36371011242597,82,16.1604899786725,29,11.2,0.24999975
31/05/1980,1,1.8695848648487,78.5,12.6660960897644,27.4,13.5,0
01/06/1980,1,2.52326538490561,76,14.9610040670362,29.4,12.4,0.75
02/06/1980,1,1.68818736968896,74.75,10.6039843754596,28.9,14.9,0
03/06/1980,1,2.03910247063673,78.75,10.0239310289622,27.3,16.1,0.99999975
04/06/1980,1,1.72324060966306,80,7.35326877940519,21.6,15.3,1.74999975
05/06/1980,1,1.10203213406572,82.75,5.90472876657148,22.4,13.9,0
06/06/1980,1,1.84075075076953,76.25,12.0390732366192,26.4,12.6,0.24999975
07/06/1980,1,2.08369611680012,73.25,14.2066475331926,27.3,13.4,0.24999975
08/06/1980,1,1.9449078131492,74,14.9460959087038,26.8,11.5,0
09/06/1980,1,2.17941136366557,75.5,15.0295988524499,27.6,13.5,0.24999975
10/06/1980,1,1.71324586141635,79.75,8.78694137838276,25.9,12.8,0.75
11/06/1980,1,1.89942297663544,77.5,13.349590625923,27.6,13.6,0
12/06/1980,1,2.2705883769158,75.5,13.9848449217626,28,16.1,0.50000025
13/06/1980,1,2.19212473159144,72.75,14.9467782924183,29.8,11.9,0.24999975
14/06/1980,1,2.14358013870347,76.25,12.867632171401,24.2,14.6,0.99999975
15/06/1980,1,1.80303888534645,71,15.1350819121582,25.2,9.3,0
16/06/1980,1,2.03720242074542,74.25,13.6053733813636,24.3,8.3,0.75
17/06/1980,1,1.46633769199,74.5,11.4291272456461,22.3,9.6,0
18/06/1980,1,1.73671954911026,74.5,9.7984395379779,23.6,10.4,0.75
19/06/1980,1,2.26379618940278,74.75,15.7526271184776,26.8,11.6,0.50000025
20/06/1980,1,NaN,NaN,NaN,0,NaN,NaN
21/06/1980,1,1.16071047465473,73.25,6.6525722681925,24.6,13.2,0
22/06/1980,1,1.685950774521,73,8.27806507059765,21.9,11.3,0.99999975
23/06/1980,1,1.86754210176228,76.75,14.6717345073427,24.5,7.6,0.24999975
24/06/1980,1,NaN,NaN,NaN,0,NaN,NaN
25/06/1980,1,1.48523207134831,79.75,6.33758677052354,25.9,12.4,0.75
26/06/1980,1,1.1966348539501,82.75,5.80027275867603,19.2,10.9,0.75
27/06/1980,1,1.49553839323421,79.75,8.84561681743823,22.5,11.6,0.50000025
28/06/1980,1,1.40084949458409,77.25,10.2673300314233,21.5,10.9,0
29/06/1980,1,2.13076530808577,76.75,15.6083048170154,25.6,8.2,0.50000025
30/06/1980,1,2.28363824462786,75.75,15.5187582822461,26.4,7.3,0.75
01/07/1980,1,2.12912795727093,75.75,16.1941554279356,27.6,7.8,0.24999975
02/07/1980,1,2.06209214605227,73.75,16.545984906446,28.1,9.6,0
03/07/1980,1,1.46396992569624,76.25,10.2330141265496,24.9,10.6,0
04/07/1980,1,2.10403890608005,72.5,13.8652556064565,25.8,12.6,0.50000025
05/07/1980,1,1.45242382562251,77.75,7.53138312623172,23.3,13.5,0.50000025
06/07/1980,1,1.3956466302138,78.25,7.87824120616956,23.8,13.3,0.24999975
07/07/1980,1,1.36763613345637,78.75,9.10809500961558,24.1,10.5,0
08/07/1980,1,1.9412778295853,76,13.8736211671962,23.7,8.2,0.50000025
09/07/1980,1,2.11616830913036,71.25,13.1338984724674,27.3,12,0.50000025
10/07/1980,1,1.68247770665458,78.75,11.2846444341897,26.8,12.5,0
11/07/1980,1,2.13977877268732,74.25,15.6467526427976,27.1,13.9,0
12/07/1980,1,2.15801475933648,70.25,13.1298811302442,28.4,10.5,0.50000025
13/07/1980,1,2.02504678550027,74.25,15.6239381544176,27.6,9.6,0
14/07/1980,1,1.35155261229167,74.25,8.28557424802136,26.9,10.8,0
15/07/1980,1,2.67241246617046,73.5,12.4656813435702,24.8,11.3,2.25
16/07/1980,1,1.24103454030023,76.75,6.31815024692607,21.3,13.8,0.24999975
17/07/1980,1,1.98066021360625,77.25,15.0326799892352,26.5,9.3,0
18/07/1980,1,2.06292845478846,74.75,13.6129046643163,28.2,10.3,0.24999975
19/07/1980,1,1.6784668168229,73,11.2772594112116,25.4,13.3,0
20/07/1980,1,2.58186023921966,70,17.4711730143131,28.6,9.1,0.50000025
21/07/1980,1,2.46421119358715,68.75,17.0781633630182,30,10.2,0.24999975
22/07/1980,1,2.30549375669003,75.75,14.6198883909741,29.3,13.1,0.24999975
23/07/1980,1,2.07455493899233,75.5,9.61477811132959,26.9,14.2,0.99999975
24/07/1980,1,2.03451201088898,75.75,11.8497070578077,25.4,14.9,0.50000025
25/07/1980,1,1.87821243628833,74.75,13.8695284325226,24.3,10.3,0
26/07/1980,1,2.92076079930957,71.5,17.4165803396058,28.6,7.2,0.99999975
27/07/1980,1,2.09519189793989,72.5,14.6877755578982,29.2,10.4,0
28/07/1980,1,2.99779918816911,72.5,17.7973530655422,28.2,12.3,0.99999975
29/07/1980,1,2.72336464904825,74,17.2856763239628,29.3,10.8,0.50000025
30/07/1980,1,NaN,NaN,18.7778740904477,30.9,11.6,0.75
31/07/1980,1,2.06484895355665,70.25,6.65286437541236,22.7,13.9,1.74999975
01/08/1980,1,1.22763480971192,76.75,6.80737039707618,21.2,12.6,0
02/08/1980,1,2.15764355677668,76.5,11.0252168076426,22.4,10.9,1.5
03/08/1980,1,2.49614629390256,72.75,16.4769466864272,23.9,9.5,0.75
04/08/1980,1,1.46777527588131,82,7.28036965681258,22.4,13.5,0.50000025
05/08/1980,1,2.72247053646442,78,16.7529398132665,25.9,14.3,0.75
06/08/1980,1,3.38128589152602,71,18.2897507490342,29.4,13.2,1.25000025
07/08/1980,1,2.79421608099813,71,18.6203326694929,29.9,14.5,0
08/08/1980,1,3.27543861417042,70,17.851908597979,30,12.9,0.99999975
09/08/1980,1,3.27276498214031,72.5,19.6596101754557,29.7,11.6,0.75
10/08/1980,1,2.95349845212328,69,18.6424968064255,28.7,10.8,0.50000025
11/08/1980,1,2.68518977496156,74,14.7643588597957,28.3,12.5,0.75
12/08/1980,1,1.60313879460114,76,6.99199779872504,24.9,15.6,0.50000025
13/08/1980,1,1.67587731877776,77,8.65943116138917,23.4,16.9,0.24999975
14/08/1980,1,2.47514338257329,79.5,13.9843412820141,26.5,12.3,0.75
15/08/1980,1,2.37922635689295,76.75,12.5422380559823,26.8,13.3,0.75
16/08/1980,1,2.65705815101998,71,17.0429107056615,28.3,14.9,0
17/08/1980,1,3.3451544316952,68.75,17.8918854832811,31.5,13.6,0.75
18/08/1980,1,3.1391275277411,70.25,18.7479373945002,30.6,15.3,0.24999975
19/08/1980,1,3.430208310315,72,19.2259911091672,30.9,16.9,0.50000025
20/08/1980,1,3.34761675620549,74,19.8366848471516,31.6,14.5,0.24999975
21/08/1980,1,3.80832428334924,67.5,20.4521804174034,30.3,15.6,0.99999975
22/08/1980,1,3.84978289665052,71,21.0724385274831,29.5,12.9,1.25000025
23/08/1980,1,2.63530045507995,66.25,16.6052385651484,30.2,13.3,0
24/08/1980,1,1.71174376396152,81.5,8.82133193037491,25.4,17.5,0
25/08/1980,1,3.27804061238203,71.25,17.6941817170186,31.6,15.2,0.50000025
26/08/1980,1,3.92757441668998,70.5,18.9719820910537,31.8,16.9,1.25000025
27/08/1980,1,NaN,NaN,NaN,0,NaN,NaN
28/08/1980,1,1.46758422316835,79,7.69036233427062,19.2,11.9,0.24999975
29/08/1980,1,2.62171497693608,75.75,15.6353131020849,22.3,10.4,0.99999975
30/08/1980,1,2.86936592172319,74.25,19.2086809379516,24.4,9.9,0.24999975
31/08/1980,1,2.82417745362645,73.5,18.7608205662117,26.6,10.5,0
01/09/1980,1,3.55799279967646,68.5,21.2902198089535,30.2,9.8,0.50000025
02/09/1980,1,3.03852418653396,67.25,17.8515484139011,30.9,10.8,0.24999975
03/09/1980,1,3.47843348656364,68.25,18.619684106237,32.7,12.5,0.50000025
04/09/1980,1,3.79267006960108,67.75,15.1410965493736,27.6,13.9,2.49999975
05/09/1980,1,1.68077673389545,79,8.05446253144687,19.6,12.2,0.75
06/09/1980,1,1.59318528750058,76.75,8.09992032979406,20.6,12.4,0.24999975
07/09/1980,1,2.41560767196661,73.75,11.7527642728788,25.4,14.5,0.75
08/09/1980,1,3.26053887800714,70.75,16.1290522808915,28.2,15.2,0.99999975
09/09/1980,1,3.54658319751713,65.25,20.9566223545007,31.8,11.3,0.24999975
10/09/1980,1,4.47684979444394,62.5,21.1887181639219,30.8,14.1,1.5
11/09/1980,1,3.06627267038188,71.25,15.7887396238347,28.6,17.3,0.50000025
12/09/1980,1,3.16659569090477,77,14.5883134213091,27.9,16.8,1.5
13/09/1980,1,2.67233922093371,71.5,13.9457045005047,25.6,15.9,0.50000025
14/09/1980,1,3.84965686171249,71.25,19.8438872576418,28.5,13.5,1.25000025
15/09/1980,1,4.18554170808754,68.75,20.7837484225308,30.7,12.6,1.25000025
16/09/1980,1,3.68948594822751,70.25,12.8455132362292,29.4,15.3,2.49999975
17/09/1980,1,2.86692497512018,74,11.3221077931168,22,14.7,3
18/09/1980,1,NaN,NaN,8.63415693858164,16.9,12.8,0
19/09/1980,1,3.63868653827558,73,22.856188477515,28.2,11.6,0
20/09/1980,1,3.47142296345252,76.5,19.4602637556694,30.5,15.6,0
21/09/1980,1,1.82219329791657,82,8.76239194966296,26.6,16.8,0
22/09/1980,1,NaN,NaN,NaN,0,NaN,NaN
23/09/1980,1,2.48174668074421,69,13.2402022581784,23.4,11.8,0.50000025
24/09/1980,1,2.2313395353923,73.75,11.8255017083998,22.9,14.8,0.24999975
25/09/1980,1,1.83343819703832,81.25,8.92867619707452,19.8,13.2,0.75
26/09/1980,1,3.31585343613003,67.75,17.5373917073456,22.5,10.9,1.5
27/09/1980,1,3.78206498364029,71.25,22.9338227258958,23.8,12.6,0.75
28/09/1980,1,2.09156236764539,77.25,9.34645355201622,21.3,8.6,1.25000025
29/09/1980,1,4.53575028691577,68.5,24.2783650461135,31.7,12,0.75
30/09/1980,1,3.98910458865466,70.75,16.7420324182332,30.5,15.3,1.74999975
01/10/1980,1,4.05913981967655,69.5,16.6499544020779,26.5,18,2.75000025
02/10/1980,1,3.82211606742145,66.25,18.0566611957442,27.5,16.4,1.25000025
03/10/1980,1,4.02525574806615,67.75,19.6193301244141,28.4,14.6,1.25000025
04/10/1980,1,3.65736032323108,67,20.585055080563,28.6,14.2,0.24999975
05/10/1980,1,5.16260874160735,65.25,22.4603421302835,32,10.8,2.00000025
06/10/1980,1,2.47863822886843,67.75,9.35209412239982,21.8,13.5,1.5
07/10/1980,1,2.75797015608364,70.25,9.99476562046949,24.8,14.2,1.74999975
08/10/1980,1,2.20006960213233,77.25,9.57505115958987,22.4,16.5,0.99999975
09/10/1980,1,4.06785935022316,71.25,17.0760539082605,31.7,17.3,1.5
10/10/1980,1,3.75925783672216,67.5,16.2092187276388,27.5,18.8,1.5
11/10/1980,1,2.04674126325594,80,9.52551451398687,19.9,15.3,0.99999975
12/10/1980,1,2.01957863139507,80.75,9.55864609309574,20.3,13.1,0.99999975
13/10/1980,1,3.0314392756626,76.75,14.5038091798678,25.2,15.2,1.25000025
14/10/1980,1,3.18443559202421,70,13.4679320000728,24.7,14.3,1.74999975
15/10/1980,1,3.12709869473119,66.25,14.5842431227983,25.4,13.3,0.99999975
16/10/1980,1,2.86930295926204,73,15.3947369499638,26.6,12.6,0.24999975
17/10/1980,1,4.91831262704866,69,24.8609654380808,29.7,15.9,1.25000025
18/10/1980,1,4.74184362808431,71.25,22.2827697924884,31.6,17.6,1.25000025
19/10/1980,1,5.16326522273714,65.75,25.2755295761157,32.9,14.9,0.99999975
20/10/1980,1,5.59793231774606,59.75,24.7054082322108,33.7,15.6,1.5
21/10/1980,1,5.34860876853869,60,24.443139567415,34.8,17.4,0.99999975
22/10/1980,1,4.36670310669364,59.75,20.5991577556107,35.3,16.5,0.50000025
23/10/1980,1,4.51832430927867,68.25,18.4582383998671,31.9,15.9,1.74999975
24/10/1980,1,2.50732185323339,75,9.91404646942493,26.3,19.6,0.99999975
25/10/1980,1,2.92022260091316,73.5,10.5649126672534,28.5,18.9,1.5
26/10/1980,1,4.80482937441711,67,23.7270128236141,33.9,17.2,0.50000025
27/10/1980,1,6.12312366792826,60.5,26.5846396080959,35.7,16.3,1.5
28/10/1980,1,6.37016463685599,63.25,24.5889351902082,36.3,16.5,2.25
29/10/1980,1,NaN,NaN,25.7252394558642,36.7,19.6,2.00000025
30/10/1980,1,NaN,NaN,17.9127461188088,37.7,20.5,2.25
31/10/1980,1,4.6073253538657,66.5,15.5852937830129,30.5,21.9,2.75000025
01/11/1980,1,NaN,NaN,NaN,0,NaN,NaN
02/11/1980,1,2.88617570029694,68.5,10.1288174938481,24.5,16.9,1.74999975
03/11/1980,1,3.11426958835696,70.5,15.9790871443765,27.4,15.5,0.24999975
04/11/1980,1,3.86193922173773,62.75,19.3149704468992,28.2,17.9,0.50000025
05/11/1980,1,3.52136353240151,67,14.7661649770288,29.3,19.2,0.99999975
06/11/1980,1,5.16020611251074,61.75,23.3143880241029,32.8,20.6,0.99999975
07/11/1980,1,NaN,NaN,25.5536374290362,34.3,20.1,0.75
08/11/1980,1,2.34861191648349,73.5,10.2479675170141,28.4,19.5,0.24999975
09/11/1980,1,3.16640008807186,75.75,13.1130788616123,29.8,20.6,0.99999975
10/11/1980,1,2.7269698460929,70.75,12.9739364439725,28.8,21.6,0
11/11/1980,1,2.49502888173666,73.75,10.4589671186501,27.9,20.1,0.50000025
12/11/1980,1,2.13252698060008,77.5,10.3171878800473,22.9,18.8,0
13/11/1980,1,2.25080627839272,73,10.3332584982781,24,18.6,0.24999975
14/11/1980,1,2.93665231098754,65,13.0443600740485,24.6,17.6,0.75
15/11/1980,1,5.07198028511883,66.75,25.5919875899964,27.5,18.5,1.25000025
16/11/1980,1,4.75876496641903,68.75,25.4538827185047,29.5,15.1,0.50000025
17/11/1980,1,4.27714462170687,66.25,19.6000066556384,29.9,18,0.99999975
18/11/1980,1,4.56444036343305,66.75,23.5869240845749,29.2,17.5,0.50000025
19/11/1980,1,4.15357382478528,70.5,18.8388935015804,30.4,18.6,0.99999975
20/11/1980,1,3.42857653236115,80.25,15.5173414464719,28.9,17.1,1.25000025
21/11/1980,1,4.40865517932139,72.25,18.7101092744371,30.2,20.1,1.74999975
22/11/1980,1,3.75883364099087,72.75,17.7703171813732,31.4,21.1,0.24999975
23/11/1980,1,2.58273289743173,77.75,11.422387989922,28.7,21.5,0.24999975
24/11/1980,1,2.59319957074511,78.25,10.479228026311,26.5,21.3,0.99999975
25/11/1980,1,4.0597104962569,68.25,17.0131900164114,28.5,20.2,1.5
26/11/1980,1,5.19589648928712,63,25.9366339895767,29.8,19.6,0.75
27/11/1980,1,4.73330872342624,69,23.5619288879179,29.3,16.1,0.99999975
28/11/1980,1,3.38594754372446,65.5,14.9768052829971,26.7,15.2,0.99999975
29/11/1980,1,3.35897263471197,71.25,16.4196358806049,28.5,18.9,0.24999975
30/11/1980,1,2.31856457623509,77,10.6958512547902,27.6,20,0
01/12/1980,1,NaN,NaN,NaN,0,NaN,NaN
02/12/1980,1,2.45896765386007,77.75,10.5524621448349,24.8,19.4,0.75
03/12/1980,1,3.35949289587352,72.25,14.2244647834225,28.5,20.3,0.99999975
04/12/1980,1,4.35172799334981,69.5,19.9687294794385,32.7,21.6,0.50000025
05/12/1980,1,4.86497931644296,70.5,21.0922042080945,31.7,20.2,1.5
06/12/1980,1,4.93049761649618,73.25,23.1719217760997,29.9,19.1,1.5
07/12/1980,1,3.60263421883141,71.5,17.918526792161,32,18.5,0
08/12/1980,1,4.99165510133017,74.75,24.7806219782449,30.6,20.4,0.50000025
09/12/1980,1,4.06999312383328,71.75,19.6847702759463,32.1,19.3,0.24999975
10/12/1980,1,4.13614711803733,70,19.6904933026181,32.6,20.6,0.24999975
11/12/1980,1,5.69312526320915,68.75,25.5970025748554,33.7,20.4,1.25000025
12/12/1980,1,4.63654947706467,72.5,20.1792900815594,30.8,21.3,1.5
13/12/1980,1,2.96080179910188,76,12.0480816578732,30.5,21.5,0.75
14/12/1980,1,2.52804719808229,75.25,11.7323674032152,28.7,20.5,0
15/12/1980,1,4.43400622853272,74.25,20.5110982275743,31.6,20.6,0.75
16/12/1980,1,4.58205203123552,75.25,19.8763067825305,32.3,22.2,1.25000025
17/12/1980,1,5.37029699807701,74,24.6671366914332,31.5,21.3,1.5
18/12/1980,1,6.37252628668876,68.25,30.8950324851018,32.4,19.4,1.25000025
19/12/1980,1,5.53218102693129,72.25,26.109751289221,31.5,18.6,1.5
20/12/1980,1,5.27434924302444,70.75,27.8683696855589,31.9,18.1,0
21/12/1980,1,5.7995440717925,68.25,27.7110935291616,32.4,20,0.99999975
22/12/1980,1,5.98120211713988,64.25,28.3517616471919,33.6,21.6,0.75
23/12/1980,1,5.19599833989538,70,23.0837844294696,31.9,22.6,1.25000025
24/12/1980,1,3.81460510857721,70.25,18.6129290409776,31.6,21.6,0
25/12/1980,1,3.13304599274703,73.25,15.0991528804882,29.6,20.9,0
26/12/1980,1,3.53606436301897,69.75,17.4943901356618,31.3,19.6,0
27/12/1980,1,3.06410861922559,75.25,14.6180917741791,30.2,20.5,0
28/12/1980,1,3.78918589148986,70.5,19.0898161954495,30.6,19.6,0
29/12/1980,1,3.09567229471135,81.5,13.815792867312,28.9,20.5,0.75
30/12/1980,1,3.0121277374336,81.75,13.6536424055809,28.1,19.5,0.75
31/12/1980,1,3.67551608187443,71.25,18.6046036420601,30.2,19,0
