PIXEL ID,Latitude,Longitude
72151,-41.95,-20.8
72152,-41.95,-20.75
72153,-41.95,-20.7
72155,-41.95,-20.6
72160,-41.95,-20.35
72444,-41.9,-20.85
72445,-41.9,-20.8
72446,-41.9,-20.75
72447,-41.9,-20.7
72448,-41.9,-20.65
72449,-41.9,-20.6
72450,-41.9,-20.55
72451,-41.9,-20.5
72452,-41.9,-20.45
72453,-41.9,-20.4
72454,-41.9,-20.35
72455,-41.9,-20.3
72738,-41.85,-20.85
72739,-41.85,-20.8
72740,-41.85,-20.75
72741,-41.85,-20.7
72742,-41.85,-20.65
72743,-41.85,-20.6
72744,-41.85,-20.55
72745,-41.85,-20.5
72746,-41.85,-20.45
72747,-41.85,-20.4
72748,-41.85,-20.35
72749,-41.85,-20.3
72750,-41.85,-20.25
72751,-41.85,-20.2
73026,-41.8,-21.15
73027,-41.8,-21.1
73028,-41.8,-21.05
73029,-41.8,-21
73030,-41.8,-20.95
73031,-41.8,-20.9
73032,-41.8,-20.85
73033,-41.8,-20.8
73034,-41.8,-20.75
73035,-41.8,-20.7
73036,-41.8,-20.65
73037,-41.8,-20.6
73038,-41.8,-20.55
73039,-41.8,-20.5
73040,-41.8,-20.45
73041,-41.8,-20.4
73042,-41.8,-20.35
73043,-41.8,-20.3
73044,-41.8,-20.25
73045,-41.8,-20.2
73046,-41.8,-20.15
73319,-41.75,-21.2
73320,-41.75,-21.15
73321,-41.75,-21.1
73322,-41.75,-21.05
73323,-41.75,-21
73324,-41.75,-20.95
73325,-41.75,-20.9
73326,-41.75,-20.85
73327,-41.75,-20.8
73328,-41.75,-20.75
73329,-41.75,-20.7
73330,-41.75,-20.65
73331,-41.75,-20.6
73332,-41.75,-20.55
73333,-41.75,-20.5
73334,-41.75,-20.45
73335,-41.75,-20.4
73336,-41.75,-20.35
73337,-41.75,-20.3
73338,-41.75,-20.25
73339,-41.75,-20.2
73340,-41.75,-20.15
73613,-41.7,-21.2
73614,-41.7,-21.15
73615,-41.7,-21.1
73616,-41.7,-21.05
73617,-41.7,-21
73618,-41.7,-20.95
73619,-41.7,-20.9
73620,-41.7,-20.85
73621,-41.7,-20.8
73622,-41.7,-20.75
73623,-41.7,-20.7
73624,-41.7,-20.65
73625,-41.7,-20.6
73626,-41.7,-20.55
73627,-41.7,-20.5
73628,-41.7,-20.45
73629,-41.7,-20.4
73630,-41.7,-20.35
73631,-41.7,-20.3
73632,-41.7,-20.25
73633,-41.7,-20.2
73634,-41.7,-20.15
73907,-41.65,-21.2
73908,-41.65,-21.15
73909,-41.65,-21.1
73910,-41.65,-21.05
73911,-41.65,-21
73912,-41.65,-20.95
73913,-41.65,-20.9
73914,-41.65,-20.85
73915,-41.65,-20.8
73916,-41.65,-20.75
73917,-41.65,-20.7
73918,-41.65,-20.65
73919,-41.65,-20.6
73920,-41.65,-20.55
73921,-41.65,-20.5
73922,-41.65,-20.45
73923,-41.65,-20.4
73924,-41.65,-20.35
73925,-41.65,-20.3
73926,-41.65,-20.25
73927,-41.65,-20.2
73928,-41.65,-20.15
74200,-41.6,-21.25
74201,-41.6,-21.2
74202,-41.6,-21.15
74203,-41.6,-21.1
74204,-41.6,-21.05
74205,-41.6,-21
74206,-41.6,-20.95
74207,-41.6,-20.9
74208,-41.6,-20.85
74209,-41.6,-20.8
74210,-41.6,-20.75
74211,-41.6,-20.7
74212,-41.6,-20.65
74213,-41.6,-20.6
74214,-41.6,-20.55
74215,-41.6,-20.5
74216,-41.6,-20.45
74217,-41.6,-20.4
74218,-41.6,-20.35
74219,-41.6,-20.3
74220,-41.6,-20.25
74221,-41.6,-20.2
74222,-41.6,-20.15
74494,-41.55,-21.25
74495,-41.55,-21.2
74496,-41.55,-21.15
74497,-41.55,-21.1
74498,-41.55,-21.05
74499,-41.55,-21
74500,-41.55,-20.95
74501,-41.55,-20.9
74502,-41.55,-20.85
74503,-41.55,-20.8
74504,-41.55,-20.75
74505,-41.55,-20.7
74506,-41.55,-20.65
74507,-41.55,-20.6
74508,-41.55,-20.55
74509,-41.55,-20.5
74510,-41.55,-20.45
74511,-41.55,-20.4
74512,-41.55,-20.35
74513,-41.55,-20.3
74514,-41.55,-20.25
74515,-41.55,-20.2
74516,-41.55,-20.15
74788,-41.5,-21.25
74789,-41.5,-21.2
74790,-41.5,-21.15
74791,-41.5,-21.1
74792,-41.5,-21.05
74793,-41.5,-21
74794,-41.5,-20.95
74795,-41.5,-20.9
74796,-41.5,-20.85
74797,-41.5,-20.8
74798,-41.5,-20.75
74799,-41.5,-20.7
74800,-41.5,-20.65
74801,-41.5,-20.6
74802,-41.5,-20.55
74803,-41.5,-20.5
74804,-41.5,-20.45
74805,-41.5,-20.4
74806,-41.5,-20.35
74807,-41.5,-20.3
74808,-41.5,-20.25
74809,-41.5,-20.2
74810,-41.5,-20.15
75081,-41.45,-21.3
75082,-41.45,-21.25
75083,-41.45,-21.2
75084,-41.45,-21.15
75085,-41.45,-21.1
75086,-41.45,-21.05
75087,-41.45,-21
75088,-41.45,-20.95
75089,-41.45,-20.9
75090,-41.45,-20.85
75091,-41.45,-20.8
75092,-41.45,-20.75
75093,-41.45,-20.7
75094,-41.45,-20.65
75095,-41.45,-20.6
75096,-41.45,-20.55
75097,-41.45,-20.5
75098,-41.45,-20.45
75099,-41.45,-20.4
75100,-41.45,-20.35
75101,-41.45,-20.3
75102,-41.45,-20.25
75103,-41.45,-20.2
75104,-41.45,-20.15
75376,-41.4,-21.25
75377,-41.4,-21.2
75378,-41.4,-21.15
75379,-41.4,-21.1
75380,-41.4,-21.05
75381,-41.4,-21
75382,-41.4,-20.95
75383,-41.4,-20.9
75384,-41.4,-20.85
75385,-41.4,-20.8
75386,-41.4,-20.75
75387,-41.4,-20.7
75388,-41.4,-20.65
75389,-41.4,-20.6
75390,-41.4,-20.55
75391,-41.4,-20.5
75392,-41.4,-20.45
75393,-41.4,-20.4
75394,-41.4,-20.35
75395,-41.4,-20.3
75396,-41.4,-20.25
75397,-41.4,-20.2
75398,-41.4,-20.15
75399,-41.4,-20.1
75400,-41.4,-20.05
75401,-41.4,-20
75402,-41.4,-19.95
75669,-41.35,-21.3
75670,-41.35,-21.25
75671,-41.35,-21.2
75672,-41.35,-21.15
75673,-41.35,-21.1
75674,-41.35,-21.05
75675,-41.35,-21
75676,-41.35,-20.95
75677,-41.35,-20.9
75678,-41.35,-20.85
75679,-41.35,-20.8
75680,-41.35,-20.75
75681,-41.35,-20.7
75682,-41.35,-20.65
75683,-41.35,-20.6
75684,-41.35,-20.55
75685,-41.35,-20.5
75686,-41.35,-20.45
75687,-41.35,-20.4
75688,-41.35,-20.35
75689,-41.35,-20.3
75690,-41.35,-20.25
75691,-41.35,-20.2
75692,-41.35,-20.15
75693,-41.35,-20.1
75694,-41.35,-20.05
75695,-41.35,-20
75696,-41.35,-19.95
75697,-41.35,-19.9
75963,-41.3,-21.3
75964,-41.3,-21.25
75965,-41.3,-21.2
75966,-41.3,-21.15
75967,-41.3,-21.1
75968,-41.3,-21.05
75969,-41.3,-21
75970,-41.3,-20.95
75971,-41.3,-20.9
75972,-41.3,-20.85
75973,-41.3,-20.8
75974,-41.3,-20.75
75975,-41.3,-20.7
75976,-41.3,-20.65
75977,-41.3,-20.6
75978,-41.3,-20.55
75979,-41.3,-20.5
75980,-41.3,-20.45
75981,-41.3,-20.4
75982,-41.3,-20.35
75983,-41.3,-20.3
75984,-41.3,-20.25
75985,-41.3,-20.2
75986,-41.3,-20.15
75987,-41.3,-20.1
75988,-41.3,-20.05
75989,-41.3,-20
75990,-41.3,-19.95
75991,-41.3,-19.9
75992,-41.3,-19.85
76011,-41.3,-18.9
76012,-41.3,-18.85
76013,-41.3,-18.8
76014,-41.3,-18.75
76257,-41.25,-21.3
76258,-41.25,-21.25
76259,-41.25,-21.2
76260,-41.25,-21.15
76261,-41.25,-21.1
76262,-41.25,-21.05
76263,-41.25,-21
76264,-41.25,-20.95
76265,-41.25,-20.9
76266,-41.25,-20.85
76267,-41.25,-20.8
76268,-41.25,-20.75
76269,-41.25,-20.7
76270,-41.25,-20.65
76271,-41.25,-20.6
76272,-41.25,-20.55
76273,-41.25,-20.5
76274,-41.25,-20.45
76275,-41.25,-20.4
76276,-41.25,-20.35
76277,-41.25,-20.3
76278,-41.25,-20.25
76279,-41.25,-20.2
76280,-41.25,-20.15
76281,-41.25,-20.1
76282,-41.25,-20.05
76283,-41.25,-20
76284,-41.25,-19.95
76285,-41.25,-19.9
76286,-41.25,-19.85
76287,-41.25,-19.8
76288,-41.25,-19.75
76289,-41.25,-19.7
76290,-41.25,-19.65
76304,-41.25,-18.95
76305,-41.25,-18.9
76306,-41.25,-18.85
76307,-41.25,-18.8
76308,-41.25,-18.75
76313,-41.25,-18.5
76314,-41.25,-18.45
76315,-41.25,-18.4
76317,-41.25,-18.3
76551,-41.2,-21.3
76552,-41.2,-21.25
76553,-41.2,-21.2
76554,-41.2,-21.15
76555,-41.2,-21.1
76556,-41.2,-21.05
76557,-41.2,-21
76558,-41.2,-20.95
76559,-41.2,-20.9
76560,-41.2,-20.85
76561,-41.2,-20.8
76562,-41.2,-20.75
76563,-41.2,-20.7
76564,-41.2,-20.65
76565,-41.2,-20.6
76566,-41.2,-20.55
76567,-41.2,-20.5
76568,-41.2,-20.45
76569,-41.2,-20.4
76570,-41.2,-20.35
76571,-41.2,-20.3
76572,-41.2,-20.25
76573,-41.2,-20.2
76574,-41.2,-20.15
76575,-41.2,-20.1
76576,-41.2,-20.05
76577,-41.2,-20
76578,-41.2,-19.95
76579,-41.2,-19.9
76580,-41.2,-19.85
76581,-41.2,-19.8
76582,-41.2,-19.75
76583,-41.2,-19.7
76584,-41.2,-19.65
76585,-41.2,-19.6
76598,-41.2,-18.95
76599,-41.2,-18.9
76600,-41.2,-18.85
76601,-41.2,-18.8
76602,-41.2,-18.75
76607,-41.2,-18.5
76608,-41.2,-18.45
76609,-41.2,-18.4
76610,-41.2,-18.35
76611,-41.2,-18.3
76612,-41.2,-18.25
76845,-41.15,-21.3
76846,-41.15,-21.25
76847,-41.15,-21.2
76848,-41.15,-21.15
76849,-41.15,-21.1
76850,-41.15,-21.05
76851,-41.15,-21
76852,-41.15,-20.95
76853,-41.15,-20.9
76854,-41.15,-20.85
76855,-41.15,-20.8
76856,-41.15,-20.75
76857,-41.15,-20.7
76858,-41.15,-20.65
76859,-41.15,-20.6
76860,-41.15,-20.55
76861,-41.15,-20.5
76862,-41.15,-20.45
76863,-41.15,-20.4
76864,-41.15,-20.35
76865,-41.15,-20.3
76866,-41.15,-20.25
76867,-41.15,-20.2
76868,-41.15,-20.15
76869,-41.15,-20.1
76870,-41.15,-20.05
76871,-41.15,-20
76872,-41.15,-19.95
76873,-41.15,-19.9
76874,-41.15,-19.85
76875,-41.15,-19.8
76876,-41.15,-19.75
76877,-41.15,-19.7
76878,-41.15,-19.65
76879,-41.15,-19.6
76880,-41.15,-19.55
76890,-41.15,-19.05
76891,-41.15,-19
76892,-41.15,-18.95
76893,-41.15,-18.9
76894,-41.15,-18.85
76895,-41.15,-18.8
76896,-41.15,-18.75
76901,-41.15,-18.5
76902,-41.15,-18.45
76903,-41.15,-18.4
76904,-41.15,-18.35
76905,-41.15,-18.3
76906,-41.15,-18.25
76907,-41.15,-18.2
76908,-41.15,-18.15
77139,-41.1,-21.3
77140,-41.1,-21.25
77141,-41.1,-21.2
77142,-41.1,-21.15
77143,-41.1,-21.1
77144,-41.1,-21.05
77145,-41.1,-21
77146,-41.1,-20.95
77147,-41.1,-20.9
77148,-41.1,-20.85
77149,-41.1,-20.8
77150,-41.1,-20.75
77151,-41.1,-20.7
77152,-41.1,-20.65
77153,-41.1,-20.6
77154,-41.1,-20.55
77155,-41.1,-20.5
77156,-41.1,-20.45
77157,-41.1,-20.4
77158,-41.1,-20.35
77159,-41.1,-20.3
77160,-41.1,-20.25
77161,-41.1,-20.2
77162,-41.1,-20.15
77163,-41.1,-20.1
77164,-41.1,-20.05
77165,-41.1,-20
77166,-41.1,-19.95
77167,-41.1,-19.9
77168,-41.1,-19.85
77169,-41.1,-19.8
77170,-41.1,-19.75
77171,-41.1,-19.7
77172,-41.1,-19.65
77173,-41.1,-19.6
77174,-41.1,-19.55
77175,-41.1,-19.5
77176,-41.1,-19.45
77183,-41.1,-19.1
77184,-41.1,-19.05
77185,-41.1,-19
77186,-41.1,-18.95
77187,-41.1,-18.9
77188,-41.1,-18.85
77189,-41.1,-18.8
77190,-41.1,-18.75
77191,-41.1,-18.7
77192,-41.1,-18.65
77193,-41.1,-18.6
77194,-41.1,-18.55
77195,-41.1,-18.5
77196,-41.1,-18.45
77197,-41.1,-18.4
77198,-41.1,-18.35
77199,-41.1,-18.3
77200,-41.1,-18.25
77201,-41.1,-18.2
77202,-41.1,-18.15
77203,-41.1,-18.1
77432,-41.05,-21.35
77433,-41.05,-21.3
77434,-41.05,-21.25
77435,-41.05,-21.2
77436,-41.05,-21.15
77437,-41.05,-21.1
77438,-41.05,-21.05
77439,-41.05,-21
77440,-41.05,-20.95
77441,-41.05,-20.9
77442,-41.05,-20.85
77443,-41.05,-20.8
77444,-41.05,-20.75
77445,-41.05,-20.7
77446,-41.05,-20.65
77447,-41.05,-20.6
77448,-41.05,-20.55
77449,-41.05,-20.5
77450,-41.05,-20.45
77451,-41.05,-20.4
77452,-41.05,-20.35
77453,-41.05,-20.3
77454,-41.05,-20.25
77455,-41.05,-20.2
77456,-41.05,-20.15
77457,-41.05,-20.1
77458,-41.05,-20.05
77459,-41.05,-20
77460,-41.05,-19.95
77461,-41.05,-19.9
77462,-41.05,-19.85
77463,-41.05,-19.8
77464,-41.05,-19.75
77465,-41.05,-19.7
77466,-41.05,-19.65
77467,-41.05,-19.6
77468,-41.05,-19.55
77469,-41.05,-19.5
77470,-41.05,-19.45
77471,-41.05,-19.4
77476,-41.05,-19.15
77477,-41.05,-19.1
77478,-41.05,-19.05
77479,-41.05,-19
77480,-41.05,-18.95
77481,-41.05,-18.9
77482,-41.05,-18.85
77483,-41.05,-18.8
77484,-41.05,-18.75
77485,-41.05,-18.7
77486,-41.05,-18.65
77487,-41.05,-18.6
77488,-41.05,-18.55
77489,-41.05,-18.5
77490,-41.05,-18.45
77491,-41.05,-18.4
77492,-41.05,-18.35
77493,-41.05,-18.3
77494,-41.05,-18.25
77495,-41.05,-18.2
77496,-41.05,-18.15
77497,-41.05,-18.1
77726,-41,-21.35
77727,-41,-21.3
77728,-41,-21.25
77729,-41,-21.2
77730,-41,-21.15
77731,-41,-21.1
77732,-41,-21.05
77733,-41,-21
77734,-41,-20.95
77735,-41,-20.9
77736,-41,-20.85
77737,-41,-20.8
77738,-41,-20.75
77739,-41,-20.7
77740,-41,-20.65
77741,-41,-20.6
77742,-41,-20.55
77743,-41,-20.5
77744,-41,-20.45
77745,-41,-20.4
77746,-41,-20.35
77747,-41,-20.3
77748,-41,-20.25
77749,-41,-20.2
77750,-41,-20.15
77751,-41,-20.1
77752,-41,-20.05
77753,-41,-20
77754,-41,-19.95
77755,-41,-19.9
77756,-41,-19.85
77757,-41,-19.8
77758,-41,-19.75
77759,-41,-19.7
77760,-41,-19.65
77761,-41,-19.6
77762,-41,-19.55
77763,-41,-19.5
77764,-41,-19.45
77765,-41,-19.4
77766,-41,-19.35
77767,-41,-19.3
77768,-41,-19.25
77769,-41,-19.2
77770,-41,-19.15
77771,-41,-19.1
77772,-41,-19.05
77773,-41,-19
77774,-41,-18.95
77775,-41,-18.9
77776,-41,-18.85
77777,-41,-18.8
77778,-41,-18.75
77779,-41,-18.7
77780,-41,-18.65
77781,-41,-18.6
77782,-41,-18.55
77783,-41,-18.5
77784,-41,-18.45
77785,-41,-18.4
77786,-41,-18.35
77787,-41,-18.3
77788,-41,-18.25
77789,-41,-18.2
77790,-41,-18.15
77791,-41,-18.1
77793,-41,-18
77794,-41,-17.95
78020,-40.95,-21.35
78021,-40.95,-21.3
78022,-40.95,-21.25
78023,-40.95,-21.2
78024,-40.95,-21.15
78025,-40.95,-21.1
78026,-40.95,-21.05
78027,-40.95,-21
78028,-40.95,-20.95
78029,-40.95,-20.9
78030,-40.95,-20.85
78031,-40.95,-20.8
78032,-40.95,-20.75
78033,-40.95,-20.7
78034,-40.95,-20.65
78035,-40.95,-20.6
78036,-40.95,-20.55
78037,-40.95,-20.5
78038,-40.95,-20.45
78039,-40.95,-20.4
78040,-40.95,-20.35
78041,-40.95,-20.3
78042,-40.95,-20.25
78043,-40.95,-20.2
78044,-40.95,-20.15
78045,-40.95,-20.1
78046,-40.95,-20.05
78047,-40.95,-20
78048,-40.95,-19.95
78049,-40.95,-19.9
78050,-40.95,-19.85
78051,-40.95,-19.8
78052,-40.95,-19.75
78053,-40.95,-19.7
78054,-40.95,-19.65
78055,-40.95,-19.6
78056,-40.95,-19.55
78057,-40.95,-19.5
78058,-40.95,-19.45
78059,-40.95,-19.4
78060,-40.95,-19.35
78061,-40.95,-19.3
78062,-40.95,-19.25
78063,-40.95,-19.2
78064,-40.95,-19.15
78065,-40.95,-19.1
78066,-40.95,-19.05
78067,-40.95,-19
78068,-40.95,-18.95
78069,-40.95,-18.9
78070,-40.95,-18.85
78071,-40.95,-18.8
78072,-40.95,-18.75
78073,-40.95,-18.7
78074,-40.95,-18.65
78075,-40.95,-18.6
78076,-40.95,-18.55
78077,-40.95,-18.5
78078,-40.95,-18.45
78079,-40.95,-18.4
78080,-40.95,-18.35
78081,-40.95,-18.3
78082,-40.95,-18.25
78083,-40.95,-18.2
78084,-40.95,-18.15
78085,-40.95,-18.1
78086,-40.95,-18.05
78087,-40.95,-18
78088,-40.95,-17.95
78314,-40.9,-21.35
78315,-40.9,-21.3
78316,-40.9,-21.25
78317,-40.9,-21.2
78318,-40.9,-21.15
78319,-40.9,-21.1
78320,-40.9,-21.05
78321,-40.9,-21
78322,-40.9,-20.95
78323,-40.9,-20.9
78324,-40.9,-20.85
78325,-40.9,-20.8
78326,-40.9,-20.75
78327,-40.9,-20.7
78328,-40.9,-20.65
78329,-40.9,-20.6
78330,-40.9,-20.55
78331,-40.9,-20.5
78332,-40.9,-20.45
78333,-40.9,-20.4
78334,-40.9,-20.35
78335,-40.9,-20.3
78336,-40.9,-20.25
78337,-40.9,-20.2
78338,-40.9,-20.15
78339,-40.9,-20.1
78340,-40.9,-20.05
78341,-40.9,-20
78342,-40.9,-19.95
78343,-40.9,-19.9
78344,-40.9,-19.85
78345,-40.9,-19.8
78346,-40.9,-19.75
78347,-40.9,-19.7
78348,-40.9,-19.65
78349,-40.9,-19.6
78350,-40.9,-19.55
78351,-40.9,-19.5
78352,-40.9,-19.45
78353,-40.9,-19.4
78354,-40.9,-19.35
78355,-40.9,-19.3
78356,-40.9,-19.25
78357,-40.9,-19.2
78358,-40.9,-19.15
78359,-40.9,-19.1
78360,-40.9,-19.05
78361,-40.9,-19
78362,-40.9,-18.95
78363,-40.9,-18.9
78364,-40.9,-18.85
78365,-40.9,-18.8
78366,-40.9,-18.75
78367,-40.9,-18.7
78368,-40.9,-18.65
78369,-40.9,-18.6
78370,-40.9,-18.55
78371,-40.9,-18.5
78372,-40.9,-18.45
78373,-40.9,-18.4
78374,-40.9,-18.35
78375,-40.9,-18.3
78376,-40.9,-18.25
78377,-40.9,-18.2
78378,-40.9,-18.15
78379,-40.9,-18.1
78380,-40.9,-18.05
78381,-40.9,-18
78382,-40.9,-17.95
78383,-40.9,-17.9
78611,-40.85,-21.2
78612,-40.85,-21.15
78613,-40.85,-21.1
78614,-40.85,-21.05
78615,-40.85,-21
78616,-40.85,-20.95
78617,-40.85,-20.9
78618,-40.85,-20.85
78619,-40.85,-20.8
78620,-40.85,-20.75
78621,-40.85,-20.7
78622,-40.85,-20.65
78623,-40.85,-20.6
78624,-40.85,-20.55
78625,-40.85,-20.5
78626,-40.85,-20.45
78627,-40.85,-20.4
78628,-40.85,-20.35
78629,-40.85,-20.3
78630,-40.85,-20.25
78631,-40.85,-20.2
78632,-40.85,-20.15
78633,-40.85,-20.1
78634,-40.85,-20.05
78635,-40.85,-20
78636,-40.85,-19.95
78637,-40.85,-19.9
78638,-40.85,-19.85
78639,-40.85,-19.8
78640,-40.85,-19.75
78641,-40.85,-19.7
78642,-40.85,-19.65
78643,-40.85,-19.6
78644,-40.85,-19.55
78645,-40.85,-19.5
78646,-40.85,-19.45
78647,-40.85,-19.4
78648,-40.85,-19.35
78649,-40.85,-19.3
78650,-40.85,-19.25
78651,-40.85,-19.2
78652,-40.85,-19.15
78653,-40.85,-19.1
78654,-40.85,-19.05
78655,-40.85,-19
78656,-40.85,-18.95
78657,-40.85,-18.9
78658,-40.85,-18.85
78659,-40.85,-18.8
78660,-40.85,-18.75
78661,-40.85,-18.7
78662,-40.85,-18.65
78663,-40.85,-18.6
78664,-40.85,-18.55
78665,-40.85,-18.5
78666,-40.85,-18.45
78667,-40.85,-18.4
78668,-40.85,-18.35
78669,-40.85,-18.3
78670,-40.85,-18.25
78671,-40.85,-18.2
78672,-40.85,-18.15
78673,-40.85,-18.1
78674,-40.85,-18.05
78675,-40.85,-18
78676,-40.85,-17.95
78677,-40.85,-17.9
78906,-40.8,-21.15
78907,-40.8,-21.1
78908,-40.8,-21.05
78909,-40.8,-21
78910,-40.8,-20.95
78911,-40.8,-20.9
78912,-40.8,-20.85
78913,-40.8,-20.8
78914,-40.8,-20.75
78915,-40.8,-20.7
78916,-40.8,-20.65
78917,-40.8,-20.6
78918,-40.8,-20.55
78919,-40.8,-20.5
78920,-40.8,-20.45
78921,-40.8,-20.4
78922,-40.8,-20.35
78923,-40.8,-20.3
78924,-40.8,-20.25
78925,-40.8,-20.2
78926,-40.8,-20.15
78927,-40.8,-20.1
78928,-40.8,-20.05
78929,-40.8,-20
78930,-40.8,-19.95
78931,-40.8,-19.9
78932,-40.8,-19.85
78933,-40.8,-19.8
78934,-40.8,-19.75
78935,-40.8,-19.7
78936,-40.8,-19.65
78937,-40.8,-19.6
78938,-40.8,-19.55
78939,-40.8,-19.5
78940,-40.8,-19.45
78941,-40.8,-19.4
78942,-40.8,-19.35
78943,-40.8,-19.3
78944,-40.8,-19.25
78945,-40.8,-19.2
78946,-40.8,-19.15
78947,-40.8,-19.1
78948,-40.8,-19.05
78949,-40.8,-19
78950,-40.8,-18.95
78951,-40.8,-18.9
78952,-40.8,-18.85
78953,-40.8,-18.8
78954,-40.8,-18.75
78955,-40.8,-18.7
78956,-40.8,-18.65
78957,-40.8,-18.6
78958,-40.8,-18.55
78959,-40.8,-18.5
78960,-40.8,-18.45
78961,-40.8,-18.4
78962,-40.8,-18.35
78963,-40.8,-18.3
78964,-40.8,-18.25
78965,-40.8,-18.2
78966,-40.8,-18.15
78967,-40.8,-18.1
78968,-40.8,-18.05
78969,-40.8,-18
78970,-40.8,-17.95
78971,-40.8,-17.9
79201,-40.75,-21.1
79202,-40.75,-21.05
79203,-40.75,-21
79204,-40.75,-20.95
79205,-40.75,-20.9
79206,-40.75,-20.85
79207,-40.75,-20.8
79208,-40.75,-20.75
79209,-40.75,-20.7
79210,-40.75,-20.65
79211,-40.75,-20.6
79212,-40.75,-20.55
79213,-40.75,-20.5
79214,-40.75,-20.45
79215,-40.75,-20.4
79216,-40.75,-20.35
79217,-40.75,-20.3
79218,-40.75,-20.25
79219,-40.75,-20.2
79220,-40.75,-20.15
79221,-40.75,-20.1
79222,-40.75,-20.05
79223,-40.75,-20
79224,-40.75,-19.95
79225,-40.75,-19.9
79226,-40.75,-19.85
79227,-40.75,-19.8
79228,-40.75,-19.75
79229,-40.75,-19.7
79230,-40.75,-19.65
79231,-40.75,-19.6
79232,-40.75,-19.55
79233,-40.75,-19.5
79234,-40.75,-19.45
79235,-40.75,-19.4
79236,-40.75,-19.35
79237,-40.75,-19.3
79238,-40.75,-19.25
79239,-40.75,-19.2
79240,-40.75,-19.15
79241,-40.75,-19.1
79242,-40.75,-19.05
79243,-40.75,-19
79244,-40.75,-18.95
79245,-40.75,-18.9
79246,-40.75,-18.85
79247,-40.75,-18.8
79248,-40.75,-18.75
79249,-40.75,-18.7
79250,-40.75,-18.65
79251,-40.75,-18.6
79252,-40.75,-18.55
79253,-40.75,-18.5
79254,-40.75,-18.45
79255,-40.75,-18.4
79256,-40.75,-18.35
79257,-40.75,-18.3
79258,-40.75,-18.25
79259,-40.75,-18.2
79260,-40.75,-18.15
79261,-40.75,-18.1
79262,-40.75,-18.05
79263,-40.75,-18
79264,-40.75,-17.95
79265,-40.75,-17.9
79498,-40.7,-20.95
79499,-40.7,-20.9
79500,-40.7,-20.85
79501,-40.7,-20.8
79502,-40.7,-20.75
79503,-40.7,-20.7
79504,-40.7,-20.65
79505,-40.7,-20.6
79506,-40.7,-20.55
79507,-40.7,-20.5
79508,-40.7,-20.45
79509,-40.7,-20.4
79510,-40.7,-20.35
79511,-40.7,-20.3
79512,-40.7,-20.25
79513,-40.7,-20.2
79514,-40.7,-20.15
79515,-40.7,-20.1
79516,-40.7,-20.05
79517,-40.7,-20
79518,-40.7,-19.95
79519,-40.7,-19.9
79520,-40.7,-19.85
79521,-40.7,-19.8
79522,-40.7,-19.75
79523,-40.7,-19.7
79524,-40.7,-19.65
79525,-40.7,-19.6
79526,-40.7,-19.55
79527,-40.7,-19.5
79528,-40.7,-19.45
79529,-40.7,-19.4
79530,-40.7,-19.35
79531,-40.7,-19.3
79532,-40.7,-19.25
79533,-40.7,-19.2
79534,-40.7,-19.15
79535,-40.7,-19.1
79536,-40.7,-19.05
79537,-40.7,-19
79538,-40.7,-18.95
79539,-40.7,-18.9
79540,-40.7,-18.85
79541,-40.7,-18.8
79542,-40.7,-18.75
79543,-40.7,-18.7
79544,-40.7,-18.65
79545,-40.7,-18.6
79546,-40.7,-18.55
79547,-40.7,-18.5
79548,-40.7,-18.45
79549,-40.7,-18.4
79550,-40.7,-18.35
79551,-40.7,-18.3
79552,-40.7,-18.25
79553,-40.7,-18.2
79554,-40.7,-18.15
79555,-40.7,-18.1
79556,-40.7,-18.05
79557,-40.7,-18
79558,-40.7,-17.95
79793,-40.65,-20.9
79794,-40.65,-20.85
79795,-40.65,-20.8
79796,-40.65,-20.75
79797,-40.65,-20.7
79798,-40.65,-20.65
79799,-40.65,-20.6
79800,-40.65,-20.55
79801,-40.65,-20.5
79802,-40.65,-20.45
79803,-40.65,-20.4
79804,-40.65,-20.35
79805,-40.65,-20.3
79806,-40.65,-20.25
79807,-40.65,-20.2
79808,-40.65,-20.15
79809,-40.65,-20.1
79810,-40.65,-20.05
79811,-40.65,-20
79812,-40.65,-19.95
79813,-40.65,-19.9
79814,-40.65,-19.85
79815,-40.65,-19.8
79816,-40.65,-19.75
79817,-40.65,-19.7
79818,-40.65,-19.65
79819,-40.65,-19.6
79820,-40.65,-19.55
79821,-40.65,-19.5
79822,-40.65,-19.45
79823,-40.65,-19.4
79824,-40.65,-19.35
79825,-40.65,-19.3
79826,-40.65,-19.25
79827,-40.65,-19.2
79828,-40.65,-19.15
79829,-40.65,-19.1
79830,-40.65,-19.05
79831,-40.65,-19
79832,-40.65,-18.95
79833,-40.65,-18.9
79834,-40.65,-18.85
79835,-40.65,-18.8
79836,-40.65,-18.75
79837,-40.65,-18.7
79838,-40.65,-18.65
79839,-40.65,-18.6
79840,-40.65,-18.55
79841,-40.65,-18.5
79842,-40.65,-18.45
79843,-40.65,-18.4
79844,-40.65,-18.35
79845,-40.65,-18.3
79846,-40.65,-18.25
79847,-40.65,-18.2
79848,-40.65,-18.15
79849,-40.65,-18.1
79850,-40.65,-18.05
79851,-40.65,-18
79852,-40.65,-17.95
79853,-40.65,-17.9
80087,-40.6,-20.9
80088,-40.6,-20.85
80089,-40.6,-20.8
80090,-40.6,-20.75
80091,-40.6,-20.7
80092,-40.6,-20.65
80093,-40.6,-20.6
80094,-40.6,-20.55
80095,-40.6,-20.5
80096,-40.6,-20.45
80097,-40.6,-20.4
80098,-40.6,-20.35
80099,-40.6,-20.3
80100,-40.6,-20.25
80101,-40.6,-20.2
80102,-40.6,-20.15
80103,-40.6,-20.1
80104,-40.6,-20.05
80105,-40.6,-20
80106,-40.6,-19.95
80107,-40.6,-19.9
80108,-40.6,-19.85
80109,-40.6,-19.8
80110,-40.6,-19.75
80111,-40.6,-19.7
80112,-40.6,-19.65
80113,-40.6,-19.6
80114,-40.6,-19.55
80115,-40.6,-19.5
80116,-40.6,-19.45
80117,-40.6,-19.4
80118,-40.6,-19.35
80119,-40.6,-19.3
80120,-40.6,-19.25
80121,-40.6,-19.2
80122,-40.6,-19.15
80123,-40.6,-19.1
80124,-40.6,-19.05
80125,-40.6,-19
80126,-40.6,-18.95
80127,-40.6,-18.9
80128,-40.6,-18.85
80129,-40.6,-18.8
80130,-40.6,-18.75
80131,-40.6,-18.7
80132,-40.6,-18.65
80133,-40.6,-18.6
80134,-40.6,-18.55
80135,-40.6,-18.5
80136,-40.6,-18.45
80137,-40.6,-18.4
80138,-40.6,-18.35
80139,-40.6,-18.3
80140,-40.6,-18.25
80141,-40.6,-18.2
80142,-40.6,-18.15
80143,-40.6,-18.1
80144,-40.6,-18.05
80145,-40.6,-18
80146,-40.6,-17.95
80147,-40.6,-17.9
80148,-40.6,-17.85
80382,-40.55,-20.85
80383,-40.55,-20.8
80384,-40.55,-20.75
80385,-40.55,-20.7
80386,-40.55,-20.65
80387,-40.55,-20.6
80388,-40.55,-20.55
80389,-40.55,-20.5
80390,-40.55,-20.45
80391,-40.55,-20.4
80392,-40.55,-20.35
80393,-40.55,-20.3
80394,-40.55,-20.25
80395,-40.55,-20.2
80396,-40.55,-20.15
80397,-40.55,-20.1
80398,-40.55,-20.05
80399,-40.55,-20
80400,-40.55,-19.95
80401,-40.55,-19.9
80402,-40.55,-19.85
80403,-40.55,-19.8
80404,-40.55,-19.75
80405,-40.55,-19.7
80406,-40.55,-19.65
80407,-40.55,-19.6
80408,-40.55,-19.55
80409,-40.55,-19.5
80410,-40.55,-19.45
80411,-40.55,-19.4
80412,-40.55,-19.35
80413,-40.55,-19.3
80414,-40.55,-19.25
80415,-40.55,-19.2
80416,-40.55,-19.15
80417,-40.55,-19.1
80418,-40.55,-19.05
80419,-40.55,-19
80420,-40.55,-18.95
80421,-40.55,-18.9
80422,-40.55,-18.85
80423,-40.55,-18.8
80424,-40.55,-18.75
80425,-40.55,-18.7
80426,-40.55,-18.65
80427,-40.55,-18.6
80428,-40.55,-18.55
80429,-40.55,-18.5
80430,-40.55,-18.45
80431,-40.55,-18.4
80432,-40.55,-18.35
80433,-40.55,-18.3
80434,-40.55,-18.25
80435,-40.55,-18.2
80436,-40.55,-18.15
80437,-40.55,-18.1
80438,-40.55,-18.05
80439,-40.55,-18
80440,-40.55,-17.95
80441,-40.55,-17.9
80442,-40.55,-17.85
80676,-40.5,-20.85
80677,-40.5,-20.8
80678,-40.5,-20.75
80679,-40.5,-20.7
80680,-40.5,-20.65
80681,-40.5,-20.6
80682,-40.5,-20.55
80683,-40.5,-20.5
80684,-40.5,-20.45
80685,-40.5,-20.4
80686,-40.5,-20.35
80687,-40.5,-20.3
80688,-40.5,-20.25
80689,-40.5,-20.2
80690,-40.5,-20.15
80691,-40.5,-20.1
80692,-40.5,-20.05
80693,-40.5,-20
80694,-40.5,-19.95
80695,-40.5,-19.9
80696,-40.5,-19.85
80697,-40.5,-19.8
80698,-40.5,-19.75
80699,-40.5,-19.7
80700,-40.5,-19.65
80701,-40.5,-19.6
80702,-40.5,-19.55
80703,-40.5,-19.5
80704,-40.5,-19.45
80705,-40.5,-19.4
80706,-40.5,-19.35
80707,-40.5,-19.3
80708,-40.5,-19.25
80709,-40.5,-19.2
80710,-40.5,-19.15
80711,-40.5,-19.1
80712,-40.5,-19.05
80713,-40.5,-19
80714,-40.5,-18.95
80715,-40.5,-18.9
80716,-40.5,-18.85
80717,-40.5,-18.8
80718,-40.5,-18.75
80719,-40.5,-18.7
80720,-40.5,-18.65
80721,-40.5,-18.6
80722,-40.5,-18.55
80723,-40.5,-18.5
80724,-40.5,-18.45
80725,-40.5,-18.4
80726,-40.5,-18.35
80727,-40.5,-18.3
80728,-40.5,-18.25
80729,-40.5,-18.2
80730,-40.5,-18.15
80731,-40.5,-18.1
80732,-40.5,-18.05
80733,-40.5,-18
80734,-40.5,-17.95
80735,-40.5,-17.9
80736,-40.5,-17.85
80972,-40.45,-20.75
80973,-40.45,-20.7
80974,-40.45,-20.65
80975,-40.45,-20.6
80976,-40.45,-20.55
80977,-40.45,-20.5
80978,-40.45,-20.45
80979,-40.45,-20.4
80980,-40.45,-20.35
80981,-40.45,-20.3
80982,-40.45,-20.25
80983,-40.45,-20.2
80984,-40.45,-20.15
80985,-40.45,-20.1
80986,-40.45,-20.05
80987,-40.45,-20
80988,-40.45,-19.95
80989,-40.45,-19.9
80990,-40.45,-19.85
80991,-40.45,-19.8
80992,-40.45,-19.75
80993,-40.45,-19.7
80994,-40.45,-19.65
80995,-40.45,-19.6
80996,-40.45,-19.55
80997,-40.45,-19.5
80998,-40.45,-19.45
80999,-40.45,-19.4
81000,-40.45,-19.35
81001,-40.45,-19.3
81002,-40.45,-19.25
81003,-40.45,-19.2
81004,-40.45,-19.15
81005,-40.45,-19.1
81006,-40.45,-19.05
81007,-40.45,-19
81008,-40.45,-18.95
81009,-40.45,-18.9
81010,-40.45,-18.85
81011,-40.45,-18.8
81012,-40.45,-18.75
81013,-40.45,-18.7
81014,-40.45,-18.65
81015,-40.45,-18.6
81016,-40.45,-18.55
81017,-40.45,-18.5
81018,-40.45,-18.45
81019,-40.45,-18.4
81020,-40.45,-18.35
81021,-40.45,-18.3
81022,-40.45,-18.25
81023,-40.45,-18.2
81024,-40.45,-18.15
81025,-40.45,-18.1
81026,-40.45,-18.05
81027,-40.45,-18
81028,-40.45,-17.95
81029,-40.45,-17.9
81030,-40.45,-17.85
81267,-40.4,-20.7
81268,-40.4,-20.65
81269,-40.4,-20.6
81270,-40.4,-20.55
81271,-40.4,-20.5
81272,-40.4,-20.45
81273,-40.4,-20.4
81274,-40.4,-20.35
81275,-40.4,-20.3
81276,-40.4,-20.25
81277,-40.4,-20.2
81278,-40.4,-20.15
81279,-40.4,-20.1
81280,-40.4,-20.05
81281,-40.4,-20
81282,-40.4,-19.95
81283,-40.4,-19.9
81284,-40.4,-19.85
81285,-40.4,-19.8
81286,-40.4,-19.75
81287,-40.4,-19.7
81288,-40.4,-19.65
81289,-40.4,-19.6
81290,-40.4,-19.55
81291,-40.4,-19.5
81292,-40.4,-19.45
81293,-40.4,-19.4
81294,-40.4,-19.35
81295,-40.4,-19.3
81296,-40.4,-19.25
81297,-40.4,-19.2
81298,-40.4,-19.15
81299,-40.4,-19.1
81300,-40.4,-19.05
81301,-40.4,-19
81302,-40.4,-18.95
81303,-40.4,-18.9
81304,-40.4,-18.85
81305,-40.4,-18.8
81306,-40.4,-18.75
81307,-40.4,-18.7
81308,-40.4,-18.65
81309,-40.4,-18.6
81310,-40.4,-18.55
81311,-40.4,-18.5
81312,-40.4,-18.45
81313,-40.4,-18.4
81314,-40.4,-18.35
81315,-40.4,-18.3
81316,-40.4,-18.25
81317,-40.4,-18.2
81318,-40.4,-18.15
81319,-40.4,-18.1
81320,-40.4,-18.05
81321,-40.4,-18
81322,-40.4,-17.95
81323,-40.4,-17.9
81324,-40.4,-17.85
81562,-40.35,-20.65
81563,-40.35,-20.6
81564,-40.35,-20.55
81565,-40.35,-20.5
81566,-40.35,-20.45
81567,-40.35,-20.4
81568,-40.35,-20.35
81569,-40.35,-20.3
81570,-40.35,-20.25
81571,-40.35,-20.2
81572,-40.35,-20.15
81573,-40.35,-20.1
81574,-40.35,-20.05
81575,-40.35,-20
81576,-40.35,-19.95
81577,-40.35,-19.9
81578,-40.35,-19.85
81579,-40.35,-19.8
81580,-40.35,-19.75
81581,-40.35,-19.7
81582,-40.35,-19.65
81583,-40.35,-19.6
81584,-40.35,-19.55
81585,-40.35,-19.5
81586,-40.35,-19.45
81587,-40.35,-19.4
81588,-40.35,-19.35
81589,-40.35,-19.3
81590,-40.35,-19.25
81591,-40.35,-19.2
81592,-40.35,-19.15
81593,-40.35,-19.1
81594,-40.35,-19.05
81595,-40.35,-19
81596,-40.35,-18.95
81597,-40.35,-18.9
81598,-40.35,-18.85
81599,-40.35,-18.8
81600,-40.35,-18.75
81601,-40.35,-18.7
81602,-40.35,-18.65
81603,-40.35,-18.6
81604,-40.35,-18.55
81605,-40.35,-18.5
81606,-40.35,-18.45
81607,-40.35,-18.4
81608,-40.35,-18.35
81609,-40.35,-18.3
81610,-40.35,-18.25
81611,-40.35,-18.2
81612,-40.35,-18.15
81613,-40.35,-18.1
81614,-40.35,-18.05
81615,-40.35,-18
81616,-40.35,-17.95
81617,-40.35,-17.9
81618,-40.35,-17.85
81858,-40.3,-20.55
81859,-40.3,-20.5
81860,-40.3,-20.45
81861,-40.3,-20.4
81862,-40.3,-20.35
81863,-40.3,-20.3
81864,-40.3,-20.25
81865,-40.3,-20.2
81866,-40.3,-20.15
81867,-40.3,-20.1
81868,-40.3,-20.05
81869,-40.3,-20
81870,-40.3,-19.95
81871,-40.3,-19.9
81872,-40.3,-19.85
81873,-40.3,-19.8
81874,-40.3,-19.75
81875,-40.3,-19.7
81876,-40.3,-19.65
81877,-40.3,-19.6
81878,-40.3,-19.55
81879,-40.3,-19.5
81880,-40.3,-19.45
81881,-40.3,-19.4
81882,-40.3,-19.35
81883,-40.3,-19.3
81884,-40.3,-19.25
81885,-40.3,-19.2
81886,-40.3,-19.15
81887,-40.3,-19.1
81888,-40.3,-19.05
81889,-40.3,-19
81890,-40.3,-18.95
81891,-40.3,-18.9
81892,-40.3,-18.85
81893,-40.3,-18.8
81894,-40.3,-18.75
81895,-40.3,-18.7
81896,-40.3,-18.65
81897,-40.3,-18.6
81898,-40.3,-18.55
81899,-40.3,-18.5
81900,-40.3,-18.45
81901,-40.3,-18.4
81902,-40.3,-18.35
81903,-40.3,-18.3
81904,-40.3,-18.25
81905,-40.3,-18.2
81906,-40.3,-18.15
81907,-40.3,-18.1
81908,-40.3,-18.05
81909,-40.3,-18
81910,-40.3,-17.95
81911,-40.3,-17.9
81912,-40.3,-17.85
82154,-40.25,-20.45
82155,-40.25,-20.4
82156,-40.25,-20.35
82157,-40.25,-20.3
82158,-40.25,-20.25
82159,-40.25,-20.2
82160,-40.25,-20.15
82161,-40.25,-20.1
82162,-40.25,-20.05
82163,-40.25,-20
82164,-40.25,-19.95
82165,-40.25,-19.9
82166,-40.25,-19.85
82167,-40.25,-19.8
82168,-40.25,-19.75
82169,-40.25,-19.7
82170,-40.25,-19.65
82171,-40.25,-19.6
82172,-40.25,-19.55
82173,-40.25,-19.5
82174,-40.25,-19.45
82175,-40.25,-19.4
82176,-40.25,-19.35
82177,-40.25,-19.3
82178,-40.25,-19.25
82179,-40.25,-19.2
82180,-40.25,-19.15
82181,-40.25,-19.1
82182,-40.25,-19.05
82183,-40.25,-19
82184,-40.25,-18.95
82185,-40.25,-18.9
82186,-40.25,-18.85
82187,-40.25,-18.8
82188,-40.25,-18.75
82189,-40.25,-18.7
82190,-40.25,-18.65
82191,-40.25,-18.6
82192,-40.25,-18.55
82193,-40.25,-18.5
82194,-40.25,-18.45
82195,-40.25,-18.4
82196,-40.25,-18.35
82197,-40.25,-18.3
82198,-40.25,-18.25
82199,-40.25,-18.2
82200,-40.25,-18.15
82201,-40.25,-18.1
82202,-40.25,-18.05
82203,-40.25,-18
82204,-40.25,-17.95
82205,-40.25,-17.9
82450,-40.2,-20.35
82451,-40.2,-20.3
82452,-40.2,-20.25
82453,-40.2,-20.2
82454,-40.2,-20.15
82455,-40.2,-20.1
82456,-40.2,-20.05
82457,-40.2,-20
82458,-40.2,-19.95
82459,-40.2,-19.9
82460,-40.2,-19.85
82461,-40.2,-19.8
82462,-40.2,-19.75
82463,-40.2,-19.7
82464,-40.2,-19.65
82465,-40.2,-19.6
82466,-40.2,-19.55
82467,-40.2,-19.5
82468,-40.2,-19.45
82469,-40.2,-19.4
82470,-40.2,-19.35
82471,-40.2,-19.3
82472,-40.2,-19.25
82473,-40.2,-19.2
82474,-40.2,-19.15
82475,-40.2,-19.1
82476,-40.2,-19.05
82477,-40.2,-19
82478,-40.2,-18.95
82479,-40.2,-18.9
82480,-40.2,-18.85
82481,-40.2,-18.8
82482,-40.2,-18.75
82483,-40.2,-18.7
82484,-40.2,-18.65
82485,-40.2,-18.6
82486,-40.2,-18.55
82487,-40.2,-18.5
82488,-40.2,-18.45
82489,-40.2,-18.4
82490,-40.2,-18.35
82491,-40.2,-18.3
82492,-40.2,-18.25
82493,-40.2,-18.2
82494,-40.2,-18.15
82495,-40.2,-18.1
82496,-40.2,-18.05
82497,-40.2,-18
82498,-40.2,-17.95
82499,-40.2,-17.9
82745,-40.15,-20.3
82746,-40.15,-20.25
82747,-40.15,-20.2
82748,-40.15,-20.15
82749,-40.15,-20.1
82750,-40.15,-20.05
82751,-40.15,-20
82752,-40.15,-19.95
82753,-40.15,-19.9
82754,-40.15,-19.85
82755,-40.15,-19.8
82756,-40.15,-19.75
82757,-40.15,-19.7
82758,-40.15,-19.65
82759,-40.15,-19.6
82760,-40.15,-19.55
82761,-40.15,-19.5
82762,-40.15,-19.45
82763,-40.15,-19.4
82764,-40.15,-19.35
82765,-40.15,-19.3
82766,-40.15,-19.25
82767,-40.15,-19.2
82768,-40.15,-19.15
82769,-40.15,-19.1
82770,-40.15,-19.05
82771,-40.15,-19
82772,-40.15,-18.95
82773,-40.15,-18.9
82774,-40.15,-18.85
82775,-40.15,-18.8
82776,-40.15,-18.75
82777,-40.15,-18.7
82778,-40.15,-18.65
82779,-40.15,-18.6
82780,-40.15,-18.55
82781,-40.15,-18.5
82782,-40.15,-18.45
82783,-40.15,-18.4
82784,-40.15,-18.35
82785,-40.15,-18.3
82786,-40.15,-18.25
82787,-40.15,-18.2
82788,-40.15,-18.15
82789,-40.15,-18.1
82790,-40.15,-18.05
82791,-40.15,-18
82792,-40.15,-17.95
83041,-40.1,-20.2
83042,-40.1,-20.15
83043,-40.1,-20.1
83044,-40.1,-20.05
83045,-40.1,-20
83046,-40.1,-19.95
83047,-40.1,-19.9
83048,-40.1,-19.85
83049,-40.1,-19.8
83050,-40.1,-19.75
83051,-40.1,-19.7
83052,-40.1,-19.65
83053,-40.1,-19.6
83054,-40.1,-19.55
83055,-40.1,-19.5
83056,-40.1,-19.45
83057,-40.1,-19.4
83058,-40.1,-19.35
83059,-40.1,-19.3
83060,-40.1,-19.25
83061,-40.1,-19.2
83062,-40.1,-19.15
83063,-40.1,-19.1
83064,-40.1,-19.05
83065,-40.1,-19
83066,-40.1,-18.95
83067,-40.1,-18.9
83068,-40.1,-18.85
83069,-40.1,-18.8
83070,-40.1,-18.75
83071,-40.1,-18.7
83072,-40.1,-18.65
83073,-40.1,-18.6
83074,-40.1,-18.55
83075,-40.1,-18.5
83076,-40.1,-18.45
83077,-40.1,-18.4
83078,-40.1,-18.35
83079,-40.1,-18.3
83080,-40.1,-18.25
83081,-40.1,-18.2
83082,-40.1,-18.15
83083,-40.1,-18.1
83084,-40.1,-18.05
83085,-40.1,-18
83086,-40.1,-17.95
83339,-40.05,-20
83340,-40.05,-19.95
83341,-40.05,-19.9
83342,-40.05,-19.85
83343,-40.05,-19.8
83344,-40.05,-19.75
83345,-40.05,-19.7
83346,-40.05,-19.65
83347,-40.05,-19.6
83348,-40.05,-19.55
83349,-40.05,-19.5
83350,-40.05,-19.45
83351,-40.05,-19.4
83352,-40.05,-19.35
83353,-40.05,-19.3
83354,-40.05,-19.25
83355,-40.05,-19.2
83356,-40.05,-19.15
83357,-40.05,-19.1
83358,-40.05,-19.05
83359,-40.05,-19
83360,-40.05,-18.95
83361,-40.05,-18.9
83362,-40.05,-18.85
83363,-40.05,-18.8
83364,-40.05,-18.75
83365,-40.05,-18.7
83366,-40.05,-18.65
83367,-40.05,-18.6
83368,-40.05,-18.55
83369,-40.05,-18.5
83370,-40.05,-18.45
83371,-40.05,-18.4
83372,-40.05,-18.35
83373,-40.05,-18.3
83374,-40.05,-18.25
83375,-40.05,-18.2
83376,-40.05,-18.15
83377,-40.05,-18.1
83378,-40.05,-18.05
83379,-40.05,-18
83635,-40,-19.9
83636,-40,-19.85
83637,-40,-19.8
83638,-40,-19.75
83639,-40,-19.7
83640,-40,-19.65
83641,-40,-19.6
83642,-40,-19.55
83643,-40,-19.5
83644,-40,-19.45
83645,-40,-19.4
83646,-40,-19.35
83647,-40,-19.3
83648,-40,-19.25
83649,-40,-19.2
83650,-40,-19.15
83651,-40,-19.1
83652,-40,-19.05
83653,-40,-19
83654,-40,-18.95
83655,-40,-18.9
83656,-40,-18.85
83657,-40,-18.8
83658,-40,-18.75
83659,-40,-18.7
83660,-40,-18.65
83661,-40,-18.6
83662,-40,-18.55
83663,-40,-18.5
83664,-40,-18.45
83665,-40,-18.4
83666,-40,-18.35
83667,-40,-18.3
83668,-40,-18.25
83669,-40,-18.2
83670,-40,-18.15
83671,-40,-18.1
83672,-40,-18.05
83931,-39.95,-19.8
83932,-39.95,-19.75
83933,-39.95,-19.7
83934,-39.95,-19.65
83935,-39.95,-19.6
83936,-39.95,-19.55
83937,-39.95,-19.5
83938,-39.95,-19.45
83939,-39.95,-19.4
83940,-39.95,-19.35
83941,-39.95,-19.3
83942,-39.95,-19.25
83943,-39.95,-19.2
83944,-39.95,-19.15
83945,-39.95,-19.1
83946,-39.95,-19.05
83947,-39.95,-19
83948,-39.95,-18.95
83949,-39.95,-18.9
83950,-39.95,-18.85
83951,-39.95,-18.8
83952,-39.95,-18.75
83953,-39.95,-18.7
83954,-39.95,-18.65
83955,-39.95,-18.6
83956,-39.95,-18.55
83957,-39.95,-18.5
83958,-39.95,-18.45
83959,-39.95,-18.4
83960,-39.95,-18.35
83961,-39.95,-18.3
83962,-39.95,-18.25
83963,-39.95,-18.2
83964,-39.95,-18.15
83965,-39.95,-18.1
83966,-39.95,-18.05
84226,-39.9,-19.75
84227,-39.9,-19.7
84228,-39.9,-19.65
84229,-39.9,-19.6
84230,-39.9,-19.55
84231,-39.9,-19.5
84232,-39.9,-19.45
84233,-39.9,-19.4
84234,-39.9,-19.35
84235,-39.9,-19.3
84236,-39.9,-19.25
84237,-39.9,-19.2
84238,-39.9,-19.15
84239,-39.9,-19.1
84240,-39.9,-19.05
84241,-39.9,-19
84242,-39.9,-18.95
84243,-39.9,-18.9
84244,-39.9,-18.85
84245,-39.9,-18.8
84246,-39.9,-18.75
84247,-39.9,-18.7
84248,-39.9,-18.65
84249,-39.9,-18.6
84250,-39.9,-18.55
84251,-39.9,-18.5
84252,-39.9,-18.45
84253,-39.9,-18.4
84254,-39.9,-18.35
84255,-39.9,-18.3
84256,-39.9,-18.25
84257,-39.9,-18.2
84258,-39.9,-18.15
84259,-39.9,-18.1
84520,-39.85,-19.75
84521,-39.85,-19.7
84522,-39.85,-19.65
84523,-39.85,-19.6
84524,-39.85,-19.55
84525,-39.85,-19.5
84526,-39.85,-19.45
84527,-39.85,-19.4
84528,-39.85,-19.35
84529,-39.85,-19.3
84530,-39.85,-19.25
84531,-39.85,-19.2
84532,-39.85,-19.15
84533,-39.85,-19.1
84534,-39.85,-19.05
84535,-39.85,-19
84536,-39.85,-18.95
84537,-39.85,-18.9
84538,-39.85,-18.85
84539,-39.85,-18.8
84540,-39.85,-18.75
84541,-39.85,-18.7
84542,-39.85,-18.65
84543,-39.85,-18.6
84544,-39.85,-18.55
84545,-39.85,-18.5
84546,-39.85,-18.45
84547,-39.85,-18.4
84548,-39.85,-18.35
84549,-39.85,-18.3
84550,-39.85,-18.25
84551,-39.85,-18.2
84552,-39.85,-18.15
84815,-39.8,-19.7
84816,-39.8,-19.65
84817,-39.8,-19.6
84818,-39.8,-19.55
84819,-39.8,-19.5
84820,-39.8,-19.45
84821,-39.8,-19.4
84822,-39.8,-19.35
84823,-39.8,-19.3
84824,-39.8,-19.25
84825,-39.8,-19.2
84826,-39.8,-19.15
84827,-39.8,-19.1
84828,-39.8,-19.05
84829,-39.8,-19
84830,-39.8,-18.95
84831,-39.8,-18.9
84832,-39.8,-18.85
84833,-39.8,-18.8
84834,-39.8,-18.75
84835,-39.8,-18.7
84836,-39.8,-18.65
84837,-39.8,-18.6
84838,-39.8,-18.55
84839,-39.8,-18.5
84840,-39.8,-18.45
84841,-39.8,-18.4
84842,-39.8,-18.35
84843,-39.8,-18.3
84844,-39.8,-18.25
84845,-39.8,-18.2
84846,-39.8,-18.15
85109,-39.75,-19.7
85110,-39.75,-19.65
85111,-39.75,-19.6
85112,-39.75,-19.55
85113,-39.75,-19.5
85114,-39.75,-19.45
85115,-39.75,-19.4
85116,-39.75,-19.35
85117,-39.75,-19.3
85118,-39.75,-19.25
85119,-39.75,-19.2
85120,-39.75,-19.15
85121,-39.75,-19.1
85122,-39.75,-19.05
85123,-39.75,-19
85124,-39.75,-18.95
85125,-39.75,-18.9
85126,-39.75,-18.85
85127,-39.75,-18.8
85128,-39.75,-18.75
85129,-39.75,-18.7
85130,-39.75,-18.65
85131,-39.75,-18.6
85132,-39.75,-18.55
85133,-39.75,-18.5
85134,-39.75,-18.45
85135,-39.75,-18.4
85136,-39.75,-18.35
85137,-39.75,-18.3
85138,-39.75,-18.25
85139,-39.75,-18.2
85405,-39.7,-19.6
85406,-39.7,-19.55
85407,-39.7,-19.5
85408,-39.7,-19.45
85409,-39.7,-19.4
85410,-39.7,-19.35
85411,-39.7,-19.3
85412,-39.7,-19.25
85413,-39.7,-19.2
85414,-39.7,-19.15
85415,-39.7,-19.1
85416,-39.7,-19.05
85417,-39.7,-19
85418,-39.7,-18.95
85419,-39.7,-18.9
85420,-39.7,-18.85
85421,-39.7,-18.8
85422,-39.7,-18.75
85423,-39.7,-18.7
85424,-39.7,-18.65
85425,-39.7,-18.6
85426,-39.7,-18.55
85427,-39.7,-18.5
85428,-39.7,-18.45
85429,-39.7,-18.4
85430,-39.7,-18.35
85431,-39.7,-18.3
85432,-39.7,-18.25
85701,-39.65,-19.5
85702,-39.65,-19.45
85703,-39.65,-19.4
85704,-39.65,-19.35
85705,-39.65,-19.3
85706,-39.65,-19.25
85707,-39.65,-19.2
85708,-39.65,-19.15
85709,-39.65,-19.1
85710,-39.65,-19.05
85711,-39.65,-19
85712,-39.65,-18.95
85713,-39.65,-18.9
85718,-39.65,-18.65
85719,-39.65,-18.6
85720,-39.65,-18.55
85721,-39.65,-18.5
85722,-39.65,-18.45
85723,-39.65,-18.4
85724,-39.65,-18.35
85725,-39.65,-18.3
85726,-39.65,-18.25
85998,-39.6,-19.35
85999,-39.6,-19.3
86000,-39.6,-19.25
86017,-39.6,-18.4
86018,-39.6,-18.35
86019,-39.6,-18.3